id,english,thai,context,all_ids
360001,"This is Echo-Bravo five-six-five. I see'em.  They're like sittin' ducks, all lined up.",นี่คือเอ็คโค-บราโว 5-6-5 เห็นเป้าหมายแล้ว พวกมันจอดเรียงเป็นเป้านิ่งให้เรายิงเล่นเลย!,บทพูด/ภารกิจ M15 เสือจนมุม,360001
360002,Whoo-hoo!,ฮูฮู!,บทพูด/ภารกิจ M15 เสือจนมุม,360002
360003,Alright we’re going to make a second pass... stand by...,เอาล่ะ เรากำลังจะบินโฉบเข้าโจมตีรอบสอง... เตรียมพร้อม...,บทพูด/ภารกิจ M15 เสือจนมุม,360003
360005,"Attention Able Company, convoy destroyed",กองร้อยเอเบิล โปรดทราบ ขบวนรถข้าศึกถูกทำลายเรียบร้อยแล้ว,บทพูด/ภารกิจ M15 เสือจนมุม,360005
360006,"We’ll be on station, call us anytime!",เราจะบินตรวจการณ์อยู่ในพื้นที่ เรียกเราได้ตลอดเวลา!,บทพูด/ภารกิจ M15 เสือจนมุม,360006
360020,Troop convoys from the German 7th Army are retreating along these roads. ,ขบวนยานยนต์ลำเลียงพลของกองทัพที่ 7 เยอรมันกำลังถอยร่นไปตามถนนเหล่านี้,บทพูด/ภารกิจ M15 เสือจนมุม,360020
360021,This is their last escape route. It's out job to close it. ,นี่คือเส้นทางหลบหนีสายสุดท้ายของพวกมัน หน้าที่ของเราคือปิดตายมันซะ,บทพูด/ภารกิจ M15 เสือจนมุม,360021
360030,"To cut them off, we gotta link our territory with the Canadians and Polish to our north. ",เพื่อปิดล้อมตัดขาดพวกมัน เราต้องเชื่อมโยงอาณาเขตของเรากับกองทัพแคนาดาและโปแลนด์ทางทิศเหนือ,บทพูด/ภารกิจ M15 เสือจนมุม,360030
360031,"As we advance, secure these bridges. This will bottleneck the Germans and slow down their retreat. ",ในขณะที่เรารุกคืบ จงควบคุมสะพานเหล่านี้ให้ปลอดภัย ซึ่งจะกลายเป็นคอขวดดักพวกเยอรมันและชะลอการถอยร่นของพวกมัน,บทพูด/ภารกิจ M15 เสือจนมุม,360031
360032,"Alright Able Company, this is it.",เอาล่ะ กองร้อยเอเบิล นี่แหละ,บทพูด/ภารกิจ M15 เสือจนมุม,360032
360070,"Ok, territory is secured.",โอเค อาณาเขตปลอดภัยแล้ว,บทพูด/ภารกิจ M15 เสือจนมุม,360070
360071,Territories linked.,เชื่อมต่ออาณาเขตสำเร็จแล้ว,บทพูด/ภารกิจ M15 เสือจนมุม,360071
360108,Look at 'em run!,ดูพวกมันวิ่งสิ!,บทพูด/ภารกิจ M15 เสือจนมุม,360108|1322690
360109,Yah lousy huns! Come back and fight!,ไอ้พวกเยอรมันสวะ! กลับมาสู้กันสิวะ!,บทพูด/ภารกิจ M15 เสือจนมุม,360109
360110,Recon tells us we have incoming Panzers.  They're going to try to break through our lines.,หน่วยลาดตระเวนแจ้งว่ามีรถถังแพนเซอร์กำลังมุ่งหน้ามา พวกมันกำลังจะพยายามตีฝ่าแนวรบของเราออกไป,บทพูด/ภารกิจ M15 เสือจนมุม,360110
360112,"We've closed the Falaise pocket.  Before we break out the cigars, we got some more work to do.",เราปิดวงล้อมฟาเลส์ได้แล้ว แต่ก่อนที่จะจุดซิการ์ฉลอง เรายังมีงานต้องทำต่อ,บทพูด/ภารกิจ M15 เสือจนมุม,360112
360113,"Those Panzers are the last of the German resistance.  If we can knock 'em out, the German 7th Army's as good as dead.",รถถังแพนเซอร์พวกนั้นคือแนวต้านสุดท้ายของเยอรมัน ถ้าเราทำลายพวกมันได้ กองทัพที่ 7 ของเยอรมันก็ไม่ต่างอะไรกับตายทั้งเป็น,บทพูด/ภารกิจ M15 เสือจนมุม,360113
360130,"Too many German convoys are escaping, we need to link up with our allies NOW!",มีขบวนรถเยอรมันหลบหนีไปได้มากเกินไปแล้ว! เราต้องเชื่อมกำลังกับพันธมิตรของเราเดี๋ยวนี้!,บทพูด/ภารกิจ M15 เสือจนมุม,360130
360140,We gotta close the gap NOW - too many krauts are slipping through. ,เราต้องปิดช่องว่างเดี๋ยวนี้! มีพวกเยอรมันเล็ดลอดหนีไปได้มากเกินไปแล้ว,บทพูด/ภารกิจ M15 เสือจนมุม,360140
360180,We've secured all the bridges. The krauts are cut off. ,เราควบคุมสะพานได้ทั้งหมดแล้ว พวกไอ้เยอรมันถูกตัดขาดแล้ว,บทพูด/ภารกิจ M15 เสือจนมุม,360180
360181,Now let's focus on linking up our sectors with our allies. ,คราวนี้มามุ่งเน้นการเชื่อมต่อเซกเตอร์ของเราเข้ากับฝ่ายสัมพันธมิตรกัน,บทพูด/ภารกิจ M15 เสือจนมุม,360181
360189,Alright Jerry let's MOVE IT!,เอาล่ะไอ้เยอรมัน ก้าวขาเร็วเข้า!,บทพูด/ภารกิจ M15 เสือจนมุม,360189
360190,Secure and hold those bridges.  That'll slow down the Axis retreat.,ควบคุมและรักษาหัวสะพานเหล่านั้นไว้ ซึ่งจะช่วยชะลอการถอยร่นของฝ่ายอักษะ,บทพูด/ภารกิจ M15 เสือจนมุม,360190
360192,Let's go...,ไปกันเลย...,บทพูด/ภารกิจ M15 เสือจนมุม,360192
360195,"Hey, how come they get to celebrate and we get stuck with this bum job?",เฮ้ ทำไมพวกนั้นได้ฉลองกัน แต่พวกเราต้องมาติดแหง็กคุมเชลยห่วยๆ แบบนี้ล่ะ?,บทพูด/ภารกิจ M15 เสือจนมุม,360195
360196,"Relax Taggart, let ‘em have their fun. They earned it...",ใจเย็นน่า แทกการ์ต ปล่อยให้พวกเขาสนุกกันเถอะ พวกเขาสู้เหนื่อยมาทั้งนั้น...,บทพูด/ภารกิจ M15 เสือจนมุม,360196
360197,"...and besides, look at all these new friends you have!",...อีกอย่าง ดูเพื่อนใหม่รอบตัวนายสิ!,บทพูด/ภารกิจ M15 เสือจนมุม,360197
360198,"You just have to get to know them better, that’s all... ",นายแค่ต้องทำความรู้จักกับพวกเขาให้มากขึ้นเท่านั้นเอง...,บทพูด/ภารกิจ M15 เสือจนมุม,360198
360199,Sir! What you doin’ over there?,ผู้กองครับ! คุณไปทำอะไรตรงนั้นน่ะ?,บทพูด/ภารกิจ M15 เสือจนมุม,360199
360200,They've taken a bridge!,พวกมันยึดสะพานไปได้แห่งหนึ่งแล้ว!,บทพูด/ภารกิจ M15 เสือจนมุม,360200|362200|363200
360201,They're attacking the bridges!,พวกมันกำลังบุกโจมตีสะพาน!,บทพูด/ภารกิจ M15 เสือจนมุม,360201|362201|363201
360202,Air Strike!  Take Cover!,การโจมตีทางอากาศ! หาที่กำบังเร็ว!,บทพูด/ภารกิจ M15 เสือจนมุม,360202|362202|363202
360203,Air Strike!  Where is the Luftwaffe?!,เครื่องบินทิ้งระเบิดถล่ม! กองทัพอากาศลุฟท์วัฟเฟอของเราไปมุดหัวอยู่ที่ไหนวะ?!,บทพูด/ภารกิจ M15 เสือจนมุม,360203|362203|363203
360205,Convoy under fire!,ขบวนรถกำลังถูกยิง!,บทพูด/ภารกิจ M15 เสือจนมุม,360205|362205|363205
360206,We must keep the roads open!,เราต้องเปิดเส้นทางถนนไว้ให้ได้!,บทพูด/ภารกิจ M15 เสือจนมุม,360206|362206|363206
360207,We're losing!,พวกเรากำลังจะแพ้แล้ว!,บทพูด/ภารกิจ M15 เสือจนมุม,360207|362207|363207
360208,We'll never get out of here alive!,พวกเราไม่มีวันรอดออกไปจากที่นี่ได้แน่!,บทพูด/ภารกิจ M15 เสือจนมุม,360208|362208|363208
360209,This isn't fair!,แบบนี้มันไม่ยุติธรรมเลย!,บทพูด/ภารกิจ M15 เสือจนมุม,360209|362209|363209
360210,How can there be so many of them!?,ทำไมพวกมันถึงเยอะขนาดนี้วะ!?,บทพูด/ภารกิจ M15 เสือจนมุม,360210|362210|363210
360211,There's no where to go!,ไม่มีทางหนีแล้ว!,บทพูด/ภารกิจ M15 เสือจนมุม,360211|362211|363211
360212,We should surrender!,พวกเรายอมแพ้กันเถอะ!,บทพูด/ภารกิจ M15 เสือจนมุม,360212|362212|363212
367201,"...hey Terry.  Bring a little bit of the war home with ya, huh?",...เฮ้ เทอร์รี่ แอบเก็บของที่ระลึกจากสงครามกลับบ้านด้วยเหรอฮึ?,บทพูด/ภารกิจ M15 เสือจนมุม,367201
367202,Hey Sir! Come help us liberate this French wine!!,เฮ้ผู้กอง! มาช่วยพวกเราปลดปล่อยไวน์ฝรั่งเศสขวดนี้หน่อยสิครับ!!,บทพูด/ภารกิจ M15 เสือจนมุม,367202
367263,Good to see ya sir.,ดีใจที่ได้พบคุณครับ ผู้กอง,บทพูด/ภารกิจ M15 เสือจนมุม,367263
